{
  "name": "crimson-spell-type",
  "title": "Crimson Spell Type",
  "description": "Adds a new spell type called Crimson to the D&D 5e system.",
  "version": "0.1.0",
  "minimumCoreVersion": "0.8.9",
  "author": "Your Name",
  "manifest": "https://raw.githubusercontent.com/CptLucky27/crimson-spell-type/main/module.json",
  "dependencies": [
    {
      "name": "dnd5e",
      "manifest": "https://raw.githubusercontent.com/CptLucky27/crimson-spell-type/main/dist/module.json",
      "type": "module",
      "required": true
    }
  ],
  "scripts": [
    "module.js"
  ],
  "style": [
    "module.css"
  ],
  "icon": "icons/crimson.png",
  "keywords": [
    "foundryvtt",
    "module",
    "dnd5e",
    "spell type",
    "crimson"
  ]
}